{
  "reduce": [
    {
      "name": "Low-quality content",
      "description": "Content that&#039;s usually reduced based on feedback, such as clickbait and spam",
      "entries": [
        {
          "data": {
            "name": "Reduce (default)",
            "value": "These posts may be moved lower in Feed so you\u00e2\u0080\u0099re less likely to see them "
          }
        }
      ]
    },
    {
      "name": "Unoriginal content and problematic sharing",
      "description": "Content that&#039;s usually reduced to promote the creation of higher-quality and accurate posts",
      "entries": [
        {
          "data": {
            "name": "Reduce (default)",
            "value": "These posts may be moved lower in Feed so you\u00e2\u0080\u0099re less likely to see them "
          }
        }
      ]
    },
    {
      "name": "Sensitive content",
      "description": "Content that&#039;s usually reduced to make the community safer, such as borderline violent posts",
      "entries": [
        {
          "data": {
            "name": "Reduce (default)",
            "value": "These posts may be moved lower in Feed so you\u00e2\u0080\u0099re less likely to see them "
          }
        }
      ]
    },
    {
      "name": "Content reduced by fact-checking",
      "description": "Content that&#039;s usually reduced because it includes things such as false or partly false info checked by independent fact-checkers",
      "entries": [
        {
          "data": {
            "name": "Reduce (default)",
            "value": "These posts may be moved lower in Feed so you\u00e2\u0080\u0099re less likely to see them We might also show a notice on the bottom or on top of this content."
          }
        }
      ]
    }
  ]
}