{
  "profile_v2": {
    "name": {
      "full_name": "Prasanna Venkatesh",
      "first_name": "Prasanna",
      "middle_name": "",
      "last_name": "Venkatesh"
    },
    "birthday": {
      "year": 1989,
      "month": 3,
      "day": 14
    },
    "gender": {
      "gender_option": "FEMALE",
      "pronoun": "FEMALE"
    },
    "previous_names": [
      
    ],
    "other_names": [
      
    ],
    "education_experiences": [
      
    ],
    "work_experiences": [
      
    ],
    "blood_info": {
      "blood_donor_status": "unregistered"
    },
    "websites": [
      
    ],
    "phone_numbers": [
      {
        "phone_type": "Mobile",
        "phone_number": "+917845274962",
        "verified": true
      }
    ],
    "registration_timestamp": 1675835652,
    "profile_uri": "https://www.facebook.com/profile.php?id=100090052664579"
  }
}