[
  {
    "timestamp": 1675835650,
    "attachments": [
      {
        "data": [
          {
            "life_event": {
              "title": "Born on 14 March 1989",
              "start_date": {
                "year": 1989,
                "month": 3,
                "day": 14
              }
            }
          }
        ]
      }
    ],
    "data": [
      {
        "backdated_timestamp": 605865600
      }
    ],
    "title": "Prasanna Venkatesh added a life event from 14 March 1989: Born on 14 March 1989."
  },
  {
    "timestamp": 1675836393,
    "data": [
      {
        "post": "Hi! Good morning"
      }
    ]
  },
  {
    "timestamp": 1675836795,
    "data": [
      {
        "post": "Being happy never goes out of style"
      }
    ]
  },
  {
    "timestamp": 1675874413,
    "attachments": [
      {
        "data": [
          {
            "media": {
              "uri": "posts/media/Timelinephotos_Qd_MONtL5Q/329456451_769496634732888_1631954364943917245_n_107481745596914.jpg",
              "creation_timestamp": 1675874373,
              "media_metadata": {
                "photo_metadata": {
                  "exif_data": [
                    {
                      "upload_ip": "183.82.28.130",
                      "taken_timestamp": 1675874413
                    }
                  ]
                }
              },
              "title": "Timeline photos",
              "description": "Flower Power!!"
            }
          }
        ]
      }
    ],
    "data": [
      {
        "post": "Flower Power!!"
      }
    ]
  }
]