{
  "name": "Timeline photos",
  "photos": [
    {
      "uri": "posts/media/Timelinephotos_Qd_MONtL5Q/329456451_769496634732888_1631954364943917245_n_107481745596914.jpg",
      "creation_timestamp": 1675874373,
      "media_metadata": {
        "photo_metadata": {
          "exif_data": [
            {
              "upload_ip": "183.82.28.130",
              "taken_timestamp": 1675874413
            }
          ]
        }
      },
      "title": "Timeline photos",
      "description": "Flower Power!!"
    }
  ],
  "cover_photo": {
    "uri": "posts/media/Timelinephotos_Qd_MONtL5Q/329456451_769496634732888_1631954364943917245_n_107481745596914.jpg",
    "creation_timestamp": 1675874373,
    "media_metadata": {
      "photo_metadata": {
        "exif_data": [
          {
            "upload_ip": "183.82.28.130",
            "taken_timestamp": 1675874413
          }
        ]
      }
    },
    "title": "Timeline photos",
    "description": "Flower Power!!"
  },
  "last_modified_timestamp": 1675874413,
  "description": ""
}