{
  "notifications_v2": [
    {
      "timestamp": 1675876408,
      "unread": true,
      "href": "https://www.facebook.com/dyi/?tab=all_archives&referrer=notif",
      "text": "Your Meta information is ready to download."
    },
    {
      "timestamp": 1675874592,
      "unread": true,
      "href": "https://www.facebook.com/permalink.php?story_fbid=pfbid034QDiLwiUS2vKAMEx89yTXnU3mNP1E17He8HPLN4pmZKQRRxaMTXNuJ9rxZXumRbNl&id=100090052664579&comment_id=1622537214865428",
      "text": "Chitra Bala commented on your photo."
    },
    {
      "timestamp": 1675873892,
      "unread": true,
      "href": "https://www.facebook.com/dyi/?tab=all_archives&referrer=notif",
      "text": "Your Meta information is ready to download."
    },
    {
      "timestamp": 1675872643,
      "unread": true,
      "href": "https://www.facebook.com/dyi/?tab=all_archives&referrer=notif",
      "text": "Your Meta information is ready to download."
    },
    {
      "timestamp": 1675837514,
      "unread": true,
      "href": "https://www.facebook.com/dyi/?tab=all_archives&referrer=notif",
      "text": "Your Meta information is ready to download."
    },
    {
      "timestamp": 1675837084,
      "unread": true,
      "href": "https://www.facebook.com/dyi/?tab=all_archives&referrer=notif",
      "text": "Your Meta information is ready to download."
    },
    {
      "timestamp": 1675836824,
      "unread": true,
      "href": "https://www.facebook.com/permalink.php?story_fbid=pfbid0bFC91HpxvCmrwaN1pdMRpS9DJTYXd5nsUWUZqcUcyd6FV6z25RdYXuRs8jnMwCgUl&id=100090052664579&comment_id=653853013178853",
      "text": "Chitra Bala commented on your post."
    },
    {
      "timestamp": 1675836811,
      "unread": true,
      "href": "https://www.facebook.com/permalink.php?story_fbid=pfbid0bFC91HpxvCmrwaN1pdMRpS9DJTYXd5nsUWUZqcUcyd6FV6z25RdYXuRs8jnMwCgUl&id=100090052664579",
      "text": "Chitra Bala reacted to your post: \"Being happy never goes out of style\"."
    },
    {
      "timestamp": 1675836653,
      "unread": true,
      "href": "https://www.facebook.com/permalink.php?story_fbid=pfbid0DLCrVQakiSbyP4q6QqgWa3fdTr3nnEVHyjC79i1t8SgCxTf5uZpGT77NXVXYhgxpl&id=100090052664579&comment_id=1233101610624621",
      "text": "Chitra Bala commented on your post."
    },
    {
      "timestamp": 1675836622,
      "unread": true,
      "href": "https://www.facebook.com/permalink.php?story_fbid=pfbid0DLCrVQakiSbyP4q6QqgWa3fdTr3nnEVHyjC79i1t8SgCxTf5uZpGT77NXVXYhgxpl&id=100090052664579",
      "text": "Chitra Bala likes your post."
    },
    {
      "timestamp": 1675836614,
      "unread": true,
      "href": "https://www.facebook.com/permalink.php?story_fbid=pfbid057HVDbJ4MyNWXnGcQBMzsiGCWRwMnaLFVasmxSsu4Cea6zypxTC6jTpGC1iPkyfel&id=100090052664579&comment_id=594589529159177",
      "text": "Chitra Bala mentioned you in a comment."
    },
    {
      "timestamp": 1675836590,
      "unread": true,
      "href": "https://www.facebook.com/permalink.php?story_fbid=pfbid057HVDbJ4MyNWXnGcQBMzsiGCWRwMnaLFVasmxSsu4Cea6zypxTC6jTpGC1iPkyfel&id=100090052664579",
      "text": "Chitra Bala likes your post: \"Hi! Good morning\"."
    },
    {
      "timestamp": 1675835941,
      "unread": true,
      "href": "https://www.facebook.com/chitra.bala.39",
      "text": "Chitra Bala accepted your friend request."
    },
    {
      "timestamp": 1675835679,
      "unread": true,
      "href": "https://www.facebook.com/settings?tab=notifications&section=sms",
      "text": "You've turned on SMS updates (charges may apply). You can opt out in your notifications settings."
    }
  ]
}